{"version":1,"exploreParams":{"pitch":-55},"compassParams":{"enabled":false},"locationParams":{"buttonAvailable":false},"locatePlaceParams":{"buttonAvailable":false},"routingParams":{"accessibleRouteModalities":[],"accessibleRouteAttributes":["escalator","stairway"],"routeWidth":1,"recomputeWhenLostDistance":25},"navigationParams":{"optionsButtonAvailable":true,"navigationViewAvailable":false},"cmsParams":{},"cameraDrivenExplorer":{"enabled":true,"distanceThreshold":0},"statisticsParams":{"logLocation":true,"logCamera":false,"logInterest":true,"enabled":false},"_extra":{"minAltitude":20,"maxAltitude":2000,"heading":22,"lockPitch":false,"labelSizePolicy":"eFitRectangle","loadFactor":"0.25","lodFactor":"0.25"}}