{"layer":"","buildings":{"B0":{"displayIndex":0,"defaultFloor":"0","floors":{"0":{"layer":"0","connectedFloors":[],"stackGap":5,"levelIndex":0,"stackHeightMin":-20,"stackHeightMax":34},"1":{"layer":"1","connectedFloors":[],"stackGap":5,"levelIndex":1,"stackHeightMin":-20,"stackHeightMax":34},"2":{"layer":"2","connectedFloors":[],"stackGap":5,"levelIndex":2,"stackHeightMin":-20,"stackHeightMax":34},"3":{"layer":"3","connectedFloors":[],"stackGap":5,"levelIndex":3,"stackHeightMin":-20,"stackHeightMax":34},"4":{"layer":"4","connectedFloors":[],"stackGap":5,"levelIndex":4,"stackHeightMin":-20,"stackHeightMax":34}}}},"defaultBuilding":"B0","version":1}