<?xml version="1.0" encoding="UTF-8"?>
<vglicense version="2">
	<keys>
		<key>
			<!-- License for PROD SDKv2 (NEVER expires) -->
			<license id="prod-ios-android" timeStamp="20250922125014000000"/>
			<secret code="gjfeCrdWZC+cqPbeTDCz4Q=="/>

			<machine code="*" expirationDate="never"/>

			<sdk id="VisioDevKit/2.0/iPhone/OGLES" expirationDate="never"/>
			<sdk id="VisioDevKit/2.0/iPhoneSimulator/OGLES" expirationDate="never"/>
			<sdk id="VisioDevKit/2.0/Android/OGLES" expirationDate="never"/>
			<sdk id="VisioDevKit/2.0/Android(ARM)/OGLES" expirationDate="never"/>

			<data id="HIAMap2025.0.20250922" expirationDate="never"/>
			<data id="HIAMap2025.1.20250922" expirationDate="never"/>
			<data id="HIAMap2025.2.20250922" expirationDate="never"/>
			<data id="HIAMap2025.3.20250922" expirationDate="never"/>
			<data id="HIAMap2025.4.20250922" expirationDate="never"/>

			<token name="com.visioglobe.modules.3d" value="1" expirationDate="never"/>
			<token name="com.visioglobe.modules.map" value="1" expirationDate="never"/>
			<token name="com.visioglobe.modules.routing" value="1" expirationDate="never"/>
			<token name="com.visioglobe.modules.navigation" value="1" expirationDate="never"/>

			<check code="6t17aI3FD2QRB8OnFwTXtw=="/>
		</key>
	</keys>
</vglicense>
